{"cameraMode":{"drawMode":0,"name":"Shaded","section":"Shading Mode"},"sceneLighting":true,"audioPlay":false,"sceneViewState":{"showFog":true,"showMaterialUpdate":false,"showSkybox":true,"showFlares":true,"showImageEffects":true,"showParticleSystems":true},"in2DMode":false,"pivot":{"x":6.050000190734863,"y":0.36092352867126467,"z":-18.31999969482422},"rotation":{"x":-0.4425557255744934,"y":0.05294143036007881,"z":-0.026184482499957086,"w":-0.8947941064834595},"size":22.6171817779541,"orthographic":false}